Sighting,Common Name,Scientific Name,Location,Date
611,American Kestrel,Falco sparverius,"054018, San Vicente, CO-Antioquia 6.25550, -75.33242",25-Feb-23
610,Golden-fronted Redstart,Myioborus ornatus,RN La Romera,11-Feb-23
609,Whiskered Wren,Pheugopedius mystacalis,RN La Romera,11-Feb-23
608,Streak-necked Flycatcher,Mionectes striaticollis,RN La Romera,11-Feb-23
607,Greenish Puffleg,Haplophaedia aureliae,RN La Romera,11-Feb-23
606,Green-fronted Lancebill,Doryfera ludovicae,RN La Romera,11-Feb-23
605,Chestnut Wood-Quail,Odontophorus hyperythrus,RN La Romera,11-Feb-23
604,Black Inca,Coeligena prunellei,Reinita Cielo Azul ProAves Reserve - Lodge,17-Jan-23
603,Guira Tanager,Hemithraupis guira,"Zapatoca - Betulia, Santander, CO (6.896, -73.366)",16-Jan-23
602,Slaty-capped Flycatcher,Leptopogon superciliaris,"Zapatoca - Betulia, Santander, CO (6.896, -73.366)",16-Jan-23
601,Bicolored Hawk,Accipiter bicolor,"Zapatoca - Betulia, Santander, CO (6.896, -73.366)",16-Jan-23
600,Brown-capped Vireo,Vireo leucophrys,"Vía sin nombre, Santander, CO (6.828, -73.327)",16-Jan-23
599,Pale-breasted Spinetail,Synallaxis albescens,"Zapatoca-Girón, Santander, CO (6.844, -73.25)",16-Jan-23
598,Indigo-capped Hummingbird,Saucerottia cyanifrons,"Zapatoca-Girón, Santander, CO (6.844, -73.25)",16-Jan-23
597,Apical Flycatcher,Myiarchus apicalis,Barichara,15-Jan-23
596,Philadelphia Vireo,Vireo philadelphicus,Jardin Botánico Eloy Valenzuela,13-Jan-23
595,Niceforo's Wren,Thryophilus nicefori,Loma Merchan,12-Jan-23
594,White-whiskered Puffbird,Malacoptila panamensis,Loma Merchan,12-Jan-23
593,Black-faced Grassquit,Melanospiza bicolor,Parque Ecológico La Flora,12-Jan-23
592,Yellow Oriole,Icterus nigrogularis,Parque Ecológico La Flora,12-Jan-23
591,Bar-crested Antshrike,Thamnophilus multistriatus,"Bizcocho, San Rafael CO-Antioquia 6.29912, -75.06899",14-Nov-22
590,Rufous Motmot,Baryphthengus martii,"Bizcocho, San Rafael CO-Antioquia 6.29912, -75.06899",14-Nov-22
589,Scaly-breasted Wren,Microcerculus marginatus,"Bizcocho, San Rafael CO-Antioquia 6.29912, -75.06899",13-Nov-22
588,Buff-rumped Warbler,Myiothlypis fulvicauda,"Antioquia, CO (6.298, -75.067)",12-Nov-22
587,Black-and-white Seedeater,Sporophila luctuosa,"Vía sin nombre, Antioquia, CO (6.262, -75.334)",8-Oct-22
586,Blue-black Grassquit,Volatinia jacarina,"Vía sin nombre, Antioquia, CO (6.262, -75.334)",8-Oct-22
585,Chestnut-fronted Macaw,Ara severus,Parque del Centenario,15-Jul-22
584,Russet-crowned Warbler,Myiothlypis coronata,Parque Arvi,2-Jul-22
583,Metallic-green Tanager,Tangara labradorides,Kantarrana Casa De Campo,27-Jun-22
582,Tropical Screech-Owl,Megascops choliba,Jardin Cock-of-the-Rock Lek,25-Jun-22
581,Northern Mockingbird,Mimus polyglottos,Yates Mill County Park,8-May-22
580,Black-capped Pygmy-Tyrant,Myiornis atricapillus,Sendero Rio Tundo,17-Apr-22
579,Black-crowned Antshrike,Thamnophilus atrinucha,Sendero Rio Tundo,17-Apr-22
578,Dusky Pigeon,Patagioenas goodsoni,Sendero Rio Tundo,17-Apr-22
577,Plain-colored Tanager,Tangara inornata,"276038, Solano Bay CO-Choco 6.11169, -77.43364",16-Apr-22
576,Thick-billed Seed-Finch,Sporophila funerea,Loma de La Virgen,15-Apr-22
575,Blue Dacnis,Dacnis cayana,Loma de La Virgen,15-Apr-22
574,Lemon-spectacled Tanager,Chlorothraupis olivacea,Loma de La Virgen,15-Apr-22
573,Choco Sirystes,Sirystes albogriseus,Loma de La Virgen,15-Apr-22
572,Golden-crowned Spadebill,Platyrinchus coronatus,Loma de La Virgen,15-Apr-22
571,Purple-throated Fruitcrow,Querula purpurata,Loma de La Virgen,15-Apr-22
570,Velvety Manakin,Lepidothrix velutina,Loma de La Virgen,15-Apr-22
569,White-ruffed Manakin,Corapipo altera,Loma de La Virgen,15-Apr-22
568,Chestnut-backed Antbird,Poliocrania exsul,Loma de La Virgen,15-Apr-22
567,Spot-crowned Antvireo,Dysithamnus puncticeps,Loma de La Virgen,15-Apr-22
566,Slaty-tailed Trogon,Trogon massena,Loma de La Virgen,15-Apr-22
565,Golden-headed Manakin,Ceratopipra erythrocephala,Jardín Botánico del Pacífico,14-Apr-22
564,Red-capped Manakin,Ceratopipra mentalis,Jardín Botánico del Pacífico,14-Apr-22
563,Yellow-throated Toucan,Ramphastos ambiguus,Jardín Botánico del Pacífico,14-Apr-22
562,Black-cheeked Woodpecker,Melanerpes pucherani,"Vía al Muelle, Solano Bay CO-Choco 6.23169, -77.41186",13-Apr-22
561,Sharp-shinned Hawk,Accipiter striatus,Parque Ecológico El Salado,19-Feb-22
560,Bluish-gray Saltator,Saltator coerulescens,"Vía Santa Marta - Riohacha, Santa Marta (Dist. ESP. ) CO-Magdalena 11.28449, -74.00467",28-Jan-22
559,Cocoa Woodcreeper,Xiphorhynchus susurrans,"Tayrona National Natural Park, Santa Marta (Dist. ESP. ) CO-Magdalena 11.33661, -73.99055",28-Jan-22
558,Plain-brown Woodcreeper,Dendrocincla fuliginosa,"Tayrona National Natural Park, Santa Marta (Dist. ESP. ) CO-Magdalena 11.33661, -73.99055",28-Jan-22
557,Carib Grackle,Quiscalus lugubris,"Tayrona National Natural Park, Santa Marta (Dist. ESP. ) CO-Magdalena 11.33661, -73.99055",27-Jan-22
556,Lance-tailed Manakin,Chiroxiphia lanceolata,"Tayrona National Natural Park, Santa Marta (Dist. ESP. ) CO-Magdalena 11.33661, -73.99055",27-Jan-22
555,Gray-breasted Martin,Progne chalybea,PNN Tayrona--Cabo San Juan a Pueblito,26-Jan-22
554,Ochre-bellied Flycatcher,Mionectes oleagineus,PNN Tayrona--Cabo San Juan a Pueblito,26-Jan-22
553,Plain Xenops,Xenops minutus,PNN Tayrona--Cabo San Juan a Pueblito,26-Jan-22
552,White-bellied Antbird,Myrmeciza longipes,PNN Tayrona--Cabo San Juan a Pueblito,26-Jan-22
551,White-tailed Kite,Elanus leucurus,"054018, San Vicente, CO-Antioquia 6.25550, -75.33242",1-Jan-22
550,Great Potoo,Nyctibius grandis,Centro Permacultural Cosmogenesis,22-Dec-21
549,Spectacled Parrotlet,Forpus conspicillatus,Centro Permacultural Cosmogenesis,22-Dec-21
548,Sunbittern,Eurypyga helias,Centro Permacultural Cosmogenesis,22-Dec-21
547,Blackpoll Warbler,Setophaga striata,Reserva Natural Rancho Camaná,22-Dec-21
546,Straight-billed Woodcreeper,Dendroplex picus,Reserva Natural Rancho Camaná,22-Dec-21
545,Black-crested Antshrike,Sakesphorus canadensis,Reserva Natural Rancho Camaná,22-Dec-21
544,Yellow-crowned Parrot,Amazona ochrocephala,"501027, Cumaral CO-Meta 4.22810, -73.40782",21-Dec-21
543,Fork-tailed Palm Swift,Tachornis squamata,"501027, Cumaral CO-Meta 4.22810, -73.40782",21-Dec-21
542,Plain-breasted Ground Dove,Columbina minuta,"501027, Cumaral CO-Meta 4.22810, -73.40782",21-Dec-21
541,Pale-vented Pigeon,Patagioenas cayennensis,"501027, Cumaral CO-Meta 4.22810, -73.40782",21-Dec-21
540,Spix's Guan,Penelope jacquacu,"501027, Cumaral CO-Meta 4.22810, -73.40782",21-Dec-21
539,Savanna Hawk,Buteogallus meridionalis,"501028, Cumaral CO-Meta 4.22957, -73.42724",21-Dec-21
538,Magpie Tanager,Cissopis leverianus,"501037, Restrepo CO-Meta 4.26402, -73.58398",21-Dec-21
537,Cerulean Warbler,Setophaga cerulea,"501037, Restrepo CO-Meta 4.26402, -73.58398",21-Dec-21
536,White-bearded Manakin,Manacus manacus,"501037, Restrepo CO-Meta 4.26402, -73.58398",21-Dec-21
535,Wedge-billed Woodcreeper,Glyphorynchus spirurus,"501037, Restrepo CO-Meta 4.26402, -73.58398",21-Dec-21
534,White-browed Antbird,Myrmoborus leucophrys,"501037, Restrepo CO-Meta 4.26402, -73.58398",21-Dec-21
533,Northern Slaty-Antshrike,Thamnophilus punctatus,"501037, Restrepo CO-Meta 4.26402, -73.58398",21-Dec-21
532,Gilded Barbet,Capito auratus,"501037, Restrepo CO-Meta 4.26402, -73.58398",21-Dec-21
531,Yellow-rumped Cacique,Cacicus cela,"501037, Restrepo CO-Meta 4.26010, -73.55003",20-Dec-21
530,Brown-chested Martin,Progne tapera,"501037, Restrepo CO-Meta 4.26010, -73.55003",20-Dec-21
529,Lesser Kiskadee,Philohydor lictor,"501037, Restrepo CO-Meta 4.26010, -73.55003",20-Dec-21
528,Rufous-fronted Thornbird,Phacellodomus rufifrons,"501037, Restrepo CO-Meta 4.26010, -73.55003",20-Dec-21
527,Red-bellied Macaw,Orthopsittaca manilatus,"501037, Restrepo CO-Meta 4.26010, -73.55003",20-Dec-21
526,Lettered Aracari,Pteroglossus inscriptus,"501037, Restrepo CO-Meta 4.26010, -73.55003",20-Dec-21
525,Amazon Kingfisher,Chloroceryle amazona,"501037, Restrepo CO-Meta 4.26010, -73.55003",20-Dec-21
524,Snail Kite,Rostrhamus sociabilis,"501037, Restrepo CO-Meta 4.26010, -73.55003",20-Dec-21
523,Whistling Heron,Syrigma sibilatrix,"501037, Restrepo CO-Meta 4.26010, -73.55003",20-Dec-21
522,Anhinga,Anhinga anhinga,"501037, Restrepo CO-Meta 4.26010, -73.55003",20-Dec-21
521,Solitary Sandpiper,Tringa solitaria,"501037, Restrepo CO-Meta 4.26010, -73.55003",20-Dec-21
520,Double-striped Thick-knee,Burhinus bistriatus,"501037, Restrepo CO-Meta 4.26010, -73.55003",20-Dec-21
519,Purple Gallinule,Porphyrio martinica,"501037, Restrepo CO-Meta 4.26010, -73.55003",20-Dec-21
518,Lesser Nighthawk,Chordeiles acutipennis,"501037, Restrepo CO-Meta 4.26010, -73.55003",20-Dec-21
517,Black-bellied Whistling-Duck,Dendrocygna autumnalis,"501037, Restrepo CO-Meta 4.26010, -73.55003",20-Dec-21
516,Purple Honeycreeper,Cyanerpes caeruleus,Vereda Marayal,20-Dec-21
515,Burnished-buff Tanager,Stilpnia cayana,Vereda Marayal,20-Dec-21
514,Giant Cowbird,Molothrus oryzivorus,Vereda Marayal,20-Dec-21
513,Pectoral Sparrow,Arremon taciturnus,Vereda Marayal,20-Dec-21
512,White-thighed Swallow,Atticora tibialis,Vereda Marayal,20-Dec-21
511,Short-crested Flycatcher,Myiarchus ferox,Vereda Marayal,20-Dec-21
510,Scaled Piculet,Picumnus squamulatus,Vereda Marayal,20-Dec-21
509,Black-and-chestnut Eagle,Spizaetus isidori,Vereda Marayal,20-Dec-21
508,Capped Heron,Pilherodius pileatus,Vereda Marayal,20-Dec-21
507,Glittering-throated Emerald,Chionomesa fimbriata,Vereda Marayal,20-Dec-21
506,Golden-tailed Sapphire,Chrysuronia oenone,Vereda Marayal,20-Dec-21
505,Fork-tailed Woodnymph,Thalurania furcata,Vereda Marayal,20-Dec-21
504,Sooty-capped Hermit,Phaethornis augusti,Vereda Marayal,20-Dec-21
503,Least Grebe,Tachybaptus dominicus,Vereda Marayal,20-Dec-21
502,Oriole Blackbird,Gymnomystax mexicanus,Reserva Natural Rancho Camaná,19-Dec-21
501,Golden-bellied Euphonia,Euphonia chrysopasta,Reserva Natural Rancho Camaná,19-Dec-21
500,Spectacled Thrush,Turdus nudigenis,Reserva Natural Rancho Camaná,19-Dec-21
499,Plain-crowned Spinetail,Synallaxis gujanensis,Reserva Natural Rancho Camaná,19-Dec-21
498,Pale-bellied Hermit,Phaethornis anthophilus,Reserva Natural Rancho Camaná,19-Dec-21
497,Green Ibis,Mesembrinibis cayennensis,"Las Malocas, Villavicencio CO-Meta 4.12082, -73.57509",18-Dec-21
496,Hoatzin,Opisthocomus hoazin,"Las Malocas, Villavicencio CO-Meta 4.12082, -73.57509",18-Dec-21
495,Muscovy Duck,Cairina moschata,"Las Malocas, Villavicencio CO-Meta 4.12082, -73.57509",18-Dec-21
494,Spot-breasted Woodpecker,Colaptes punctigula,"500007, Villavicencio CO-Meta 4.19441, -73.63852",18-Dec-21
493,Russet-backed Oropendola,Psarocolius angustifrons,Bosque Bavaria,18-Dec-21
492,Buff-throated Woodcreeper,Xiphorhynchus guttatus,Bosque Bavaria,18-Dec-21
491,Cobalt-winged Parakeet,Brotogeris cyanoptera,Bosque Bavaria,18-Dec-21
490,Yellow-tufted Woodpecker,Melanerpes cruentatus,Bosque Bavaria,18-Dec-21
489,White-throated Toucan,Ramphastos tucanus,Bosque Bavaria,18-Dec-21
488,White-chinned Jacamar,Galbula tombacea,Bosque Bavaria,18-Dec-21
487,Amazonian Motmot,Momotus momota,Bosque Bavaria,18-Dec-21
486,Silver-beaked Tanager,Ramphocelus carbo,"1132 Avenida 40, Villavicencio, Meta, CO (4.123, -73.641)",17-Dec-21
485,Violaceous Jay,Cyanocorax violaceus,"1132 Avenida 40, Villavicencio, Meta, CO (4.123, -73.641)",17-Dec-21
484,Chestnut-eared Aracari,Pteroglossus castanotis,"1132 Avenida 40, Villavicencio, Meta, CO (4.123, -73.641)",17-Dec-21
483,Speckled Chachalaca,Ortalis guttata,"1132 Avenida 40, Villavicencio, Meta, CO (4.123, -73.641)",17-Dec-21
482,Gray Seedeater,Sporophila intermedia,"Porce, Antioquia, CO (6.568, -75.243)",8-Dec-21
481,Black-faced Dacnis,Dacnis lineata,"Porce, Antioquia, CO (6.568, -75.243)",8-Dec-21
480,White-winged Swallow,Tachycineta albiventer,"Porce, Antioquia, CO (6.568, -75.243)",8-Dec-21
479,Yellow-crowned Tyrannulet,Tyrannulus elatus,"Porce, Antioquia, CO (6.568, -75.243)",8-Dec-21
478,Bronze-winged Parrot,Pionus chalcopterus,"Porce, Antioquia, CO (6.568, -75.243)",8-Dec-21
477,Crested Oropendola,Psarocolius decumanus,"051857, Don Matias CO-Antioquia 6.56646, -75.24493",7-Dec-21
476,Pale-edged Flycatcher,Myiarchus cephalotes,"054018, San Vicente, CO-Antioquia 6.25550, -75.33242",15-Nov-21
475,Shiny Cowbird,Molothrus bonariensis,"Vereda Villa Lucia, Rionegro CO-Antioquia 6.26326, -75.42637",13-Nov-21
474,Blue-and-black Tanager,Tangara vassorii,"050018, El Retiro CO-Antioquia 6.19947, -75.52311",31-Oct-21
473,Red-bellied Grackle,Hypopyrrhus pyrohypogaster,"050018, El Retiro CO-Antioquia 6.19947, -75.52311",31-Oct-21
472,Mourning Warbler,Geothlypis philadelphia,"Nutibara Hill, Medellin CO-Antioquia 6.23629, -75.58058",25-Oct-21
471,Blue-necked Tanager,Stilpnia cyanicollis,"055448, Caldas CO-Antioquia 6.04972, -75.64095",2-Oct-21
470,Bran-colored Flycatcher,Myiophobus fasciatus,"055448, Caldas CO-Antioquia 6.04972, -75.64095",2-Oct-21
469,Orange-winged Parrot,Amazona amazonica,"Club El Rodeo, Medellin CO-Antioquia 6.20720, -75.59746",29-Sep-21
468,Aplomado Falcon,Falco femoralis,"Club El Rodeo, Medellin CO-Antioquia 6.20720, -75.59746",29-Sep-21
467,Black-crowned Night-Heron,Nycticorax nycticorax,"Club El Rodeo, Medellin CO-Antioquia 6.20720, -75.59746",29-Sep-21
466,Blue-winged Teal,Spatula discors,"Club El Rodeo, Medellin CO-Antioquia 6.20720, -75.59746",29-Sep-21
465,Orinoco Goose,Oressochen jubatus,"Club El Rodeo, Medellin CO-Antioquia 6.20720, -75.59746",29-Sep-21
464,Blue-and-white Swallow,Pygochelidon cyanoleuca,"054018, Marinilla CO-Antioquia 6.25423, -75.33268",25-Sep-21
463,Green Jay,Cyanocorax yncas,"054018, Marinilla CO-Antioquia 6.25423, -75.33268",25-Sep-21
462,Scarlet Macaw,Ara macao,"Botanic Garden, Medellin CO-Antioquia 6.27086, -75.56371",2-Sep-21
461,Greater Ani,Crotophaga major,"Botanic Garden, Medellin CO-Antioquia 6.27086, -75.56371",2-Sep-21
460,Western Emerald,Chlorostilbon melanorhynchus,"Carrera 5 2-100–3-60, Jerico CO-Antioquia 5.79257, -75.78452",28-Aug-21
459,Lesser Goldfinch,Spinus psaltria,"Calle 18AA Sur 29C-2, Medellin CO-Antioquia 6.18319, -75.56874",31-Jul-21
458,Ruddy Ground Dove,Columbina talpacoti,"Calle 18AA Sur 29C-2, Medellin CO-Antioquia 6.18319, -75.56874",31-Jul-21
457,Red Crossbill,Loxia curvirostra,Bottle Beach,14-Jul-21
456,Bald Eagle,Haliaeetus leucocephalus,Bottle Beach,14-Jul-21
455,Belted Kingfisher,Megaceryle alcyon,"Fifth Ave SW, Olympia US-WA 47.04355, -122.91062",13-Jul-21
454,Glaucous-winged Gull,Larus glaucescens,"Fifth Ave SW, Olympia US-WA 47.04355, -122.91062",13-Jul-21
453,Western Tanager,Piranga ludoviciana,Icicle Creek Rd.,12-Jul-21
452,Harlequin Duck,Histrionicus histrionicus,Icicle Creek Rd.,12-Jul-21
451,Hairy Woodpecker,Dryobates villosus,"14007 James Madison Hwy, Orange US-VA 38.21440, -78.12941",11-Jun-21
450,Tufted Titmouse,Baeolophus bicolor,"14007 James Madison Hwy, Orange US-VA 38.21440, -78.12941",9-Jun-21
449,Cedar Waxwing,Bombycilla cedrorum,"Chicago Botanic Garden, Glencoe US-IL 42.14885, -87.79030",3-Jun-21
448,Purple Martin,Progne subis,"Chicago Botanic Garden, Glencoe US-IL 42.14885, -87.79030",3-Jun-21
447,Eastern Meadowlark,Sturnella magna,Wolf Creek State Park,20-May-21
446,Tree Swallow,Tachycineta bicolor,Wolf Creek State Park,20-May-21
445,Killdeer,Charadrius vociferus,Wolf Creek State Park,20-May-21
444,Ring-necked Pheasant,Phasianus colchicus,Wolf Creek State Park,20-May-21
443,Eastern Bluebird,Sialia sialis,Wayne Fitzgerrell State Park,20-May-21
442,Carolina Chickadee,Poecile carolinensis,Wayne Fitzgerrell State Park,20-May-21
441,Blue Jay,Cyanocitta cristata,Wayne Fitzgerrell State Park,20-May-21
440,Bay-breasted Warbler,Setophaga castanea,Little Grand Canyon,19-May-21
439,Kentucky Warbler,Geothlypis formosa,Little Grand Canyon,19-May-21
438,Wood Thrush,Hylocichla mustelina,Little Grand Canyon,19-May-21
437,White-eyed Vireo,Vireo griseus,Little Grand Canyon,19-May-21
436,Eastern Phoebe,Sayornis phoebe,Little Grand Canyon,19-May-21
435,Acadian Flycatcher,Empidonax virescens,Little Grand Canyon,19-May-21
434,Mississippi Kite,Ictinia mississippiensis,Little Grand Canyon,19-May-21
433,Common Yellowthroat,Geothlypis trichas,Panther's Den Trail,18-May-21
432,Louisiana Waterthrush,Parkesia motacilla,Panther's Den Trail,18-May-21
431,Yellow-breasted Chat,Icteria virens,Panther's Den Trail,18-May-21
430,Chipping Sparrow,Spizella passerina,Panther's Den Trail,18-May-21
429,Blue-gray Gnatcatcher,Polioptila caerulea,Panther's Den Trail,18-May-21
428,Indigo Bunting,Passerina cyanea,Midewin Natl Tallgrass Prairie--Hoff Rd. Area,13-May-21
427,Scarlet Tanager,Piranga olivacea,Midewin Natl Tallgrass Prairie--Hoff Rd. Area,13-May-21
426,Brown-headed Cowbird,Molothrus ater,Midewin Natl Tallgrass Prairie--Hoff Rd. Area,13-May-21
425,Eastern Kingbird,Tyrannus tyrannus,Midewin Natl Tallgrass Prairie--Hoff Rd. Area,13-May-21
424,Red-tailed Hawk,Buteo jamaicensis,Midewin Natl Tallgrass Prairie--Hoff Rd. Area,13-May-21
423,Ovenbird,Seiurus aurocapilla,"Montrose Point Bird Sanctuary, Lincoln Park, Chicago",6-May-21
422,House Finch,Haemorhous mexicanus,"Montrose Point Bird Sanctuary, Lincoln Park, Chicago",6-May-21
421,Brown Thrasher,Toxostoma rufum,"Montrose Point Bird Sanctuary, Lincoln Park, Chicago",6-May-21
420,Gray Catbird,Dumetella carolinensis,"Montrose Point Bird Sanctuary, Lincoln Park, Chicago",6-May-21
419,Red-breasted Nuthatch,Sitta canadensis,"Montrose Point Bird Sanctuary, Lincoln Park, Chicago",6-May-21
418,Ruby-crowned Kinglet,Corthylio calendula,"Montrose Point Bird Sanctuary, Lincoln Park, Chicago",6-May-21
417,Warbling Vireo,Vireo gilvus,"Montrose Point Bird Sanctuary, Lincoln Park, Chicago",6-May-21
416,Downy Woodpecker,Dryobates pubescens,"Montrose Point Bird Sanctuary, Lincoln Park, Chicago",6-May-21
415,Red-bellied Woodpecker,Melanerpes carolinus,"Montrose Point Bird Sanctuary, Lincoln Park, Chicago",6-May-21
414,Cooper's Hawk,Accipiter cooperii,"Montrose Point Bird Sanctuary, Lincoln Park, Chicago",6-May-21
413,Double-crested Cormorant,Nannopterum auritum,"Montrose Point Bird Sanctuary, Lincoln Park, Chicago",6-May-21
412,Caspian Tern,Hydroprogne caspia,"Montrose Point Bird Sanctuary, Lincoln Park, Chicago",6-May-21
411,Northern Waterthrush,Parkesia noveboracensis,Burnham Wildlife Corridor--39th St. to 31st St.,27-Apr-21
410,Song Sparrow,Melospiza melodia,Burnham Wildlife Corridor--39th St. to 31st St.,27-Apr-21
409,Savannah Sparrow,Passerculus sandwichensis,Burnham Wildlife Corridor--39th St. to 31st St.,27-Apr-21
408,White-crowned Sparrow,Zonotrichia leucophrys,Burnham Wildlife Corridor--39th St. to 31st St.,27-Apr-21
407,Northern Rough-winged Swallow,Stelgidopteryx serripennis,Burnham Wildlife Corridor--39th St. to 31st St.,27-Apr-21
406,American Crow,Corvus brachyrhynchos,Burnham Wildlife Corridor--39th St. to 31st St.,27-Apr-21
405,Northern Flicker,Colaptes auratus,Burnham Wildlife Corridor--39th St. to 31st St.,27-Apr-21
404,Great Blue Heron,Ardea herodias,Route 83 Heron Rookery (DuPage Co.),16-Apr-21
403,Black-capped Chickadee,Poecile atricapillus,"Lincoln Park, Chicago US-IL 41.92467, -87.63601",4-Apr-21
402,Mourning Dove,Zenaida macroura,"Lincoln Park, Chicago US-IL 41.92467, -87.63601",4-Apr-21
401,Pine Warbler,Setophaga pinus,"Arrigo Park, Chicago US-IL 41.87216, -87.66109",30-Mar-21
400,Dark-eyed Junco,Junco hyemalis,"Arrigo Park, Chicago US-IL 41.87216, -87.66109",30-Mar-21
399,American Goldfinch,Spinus tristis,"Arrigo Park, Chicago US-IL 41.87216, -87.66109",30-Mar-21
398,Golden-crowned Kinglet,Regulus satrapa,"Arrigo Park, Chicago US-IL 41.87216, -87.66109",30-Mar-21
397,Peregrine Falcon,Falco peregrinus,"Arrigo Park, Chicago US-IL 41.87216, -87.66109",30-Mar-21
396,Common Grackle,Quiscalus quiscula,Montrose Point--Golf Course Pond area,9-Mar-21
395,American Coot,Fulica americana,Montrose Point--Golf Course Pond area,9-Mar-21
394,Common Goldeneye,Bucephala clangula,Montrose Point--Golf Course Pond area,9-Mar-21
393,Northern Cardinal,Cardinalis cardinalis,"Lincoln Park, Chicago US-IL 41.91833, -87.63330",30-Jun-20
392,Red-winged Blackbird,Agelaius phoeniceus,"Lincoln Park, Chicago US-IL 41.91833, -87.63330",30-Jun-20
391,House Sparrow,Passer domesticus,"Lincoln Park, Chicago US-IL 41.91833, -87.63330",30-Jun-20
390,European Starling,Sturnus vulgaris,"Lincoln Park, Chicago US-IL 41.91833, -87.63330",30-Jun-20
389,Barn Swallow,Hirundo rustica,"Lincoln Park, Chicago US-IL 41.91833, -87.63330",30-Jun-20
388,Ring-billed Gull,Larus delawarensis,"Lincoln Park, Chicago US-IL 41.91833, -87.63330",30-Jun-20
387,Mallard,Anas platyrhynchos,"Lincoln Park, Chicago US-IL 41.91833, -87.63330",30-Jun-20
386,Wood Duck,Aix sponsa,"Lincoln Park, Chicago US-IL 41.91833, -87.63330",30-Jun-20
385,Snowy Owl,Bubo scandiacus,Burnham  Park--31st St. Beach,9-Feb-20
384,Chestnut-sided Warbler,Setophaga pensylvanica,"CR-Guanacaste-Tilaran (10.3478,-84.8641)",22-Dec-19
383,Orange-billed Nightingale-Thrush,Catharus aurantiirostris,"CR-Guanacaste-Tilaran (10.3478,-84.8641)",22-Dec-19
382,White-throated Magpie-Jay,Calocitta formosa,"CR-Guanacaste-Tilaran (10.3478,-84.8641)",22-Dec-19
381,Gray-capped Flycatcher,Myiozetetes granadensis,"CR-Guanacaste-Tilaran (10.3478,-84.8641)",22-Dec-19
380,Hoffmann's Woodpecker,Melanerpes hoffmannii,"CR-Guanacaste-Tilaran (10.3478,-84.8641)",22-Dec-19
379,Blue-vented Hummingbird,Saucerottia hoffmanni,"CR-Guanacaste-Tilaran (10.3478,-84.8641)",22-Dec-19
378,Inca Dove,Columbina inca,"CR-Guanacaste-Tilaran (10.3478,-84.8641)",22-Dec-19
377,Chiriqui Quail-Dove,Zentrygon chiriquensis,El Nido,22-Dec-19
376,Ornate Hawk-Eagle,Spizaetus ornatus,San Luis,19-Dec-19
375,Gray-headed Chachalaca,Ortalis cinereiceps,San Luis,19-Dec-19
374,Mountain Elaenia,Elaenia frantzii,Refugio de Vida Silvestre Aguti,16-Dec-19
373,Short-tailed Hawk,Buteo brachyurus,Refugio de Vida Silvestre Aguti,16-Dec-19
372,Crested Guan,Penelope purpurascens,Refugio de Vida Silvestre Aguti,16-Dec-19
371,Scarlet-thighed Dacnis,Dacnis venusta,Curi-Cancha Refugio de Vida Silvestre,14-Dec-19
370,Wilson's Warbler,Cardellina pusilla,Curi-Cancha Refugio de Vida Silvestre,14-Dec-19
369,Costa Rican Warbler,Basileuterus melanotis,Curi-Cancha Refugio de Vida Silvestre,14-Dec-19
368,Golden-crowned Warbler,Basileuterus culicivorus,Curi-Cancha Refugio de Vida Silvestre,14-Dec-19
367,Black-throated Green Warbler,Setophaga virens,Curi-Cancha Refugio de Vida Silvestre,14-Dec-19
366,Townsend's Warbler,Setophaga townsendi,Curi-Cancha Refugio de Vida Silvestre,14-Dec-19
365,Melodious Blackbird,Dives dives,Curi-Cancha Refugio de Vida Silvestre,14-Dec-19
364,Baltimore Oriole,Icterus galbula,Curi-Cancha Refugio de Vida Silvestre,14-Dec-19
363,White-naped Brushfinch,Atlapetes albinucha,Curi-Cancha Refugio de Vida Silvestre,14-Dec-19
362,White-eared Ground-Sparrow,Melozone leucotis,Curi-Cancha Refugio de Vida Silvestre,14-Dec-19
361,Chestnut-capped Brushfinch,Arremon brunneinucha,Curi-Cancha Refugio de Vida Silvestre,14-Dec-19
360,Common Chlorospingus,Chlorospingus flavopectus,Curi-Cancha Refugio de Vida Silvestre,14-Dec-19
359,Yellow-throated Euphonia,Euphonia hirundinacea,Curi-Cancha Refugio de Vida Silvestre,14-Dec-19
358,Golden-browed Chlorophonia,Chlorophonia callophrys,Curi-Cancha Refugio de Vida Silvestre,14-Dec-19
357,Elegant Euphonia,Chlorophonia elegantissima,Curi-Cancha Refugio de Vida Silvestre,14-Dec-19
356,White-throated Thrush,Turdus assimilis,Curi-Cancha Refugio de Vida Silvestre,14-Dec-19
355,Mountain Thrush,Turdus plebejus,Curi-Cancha Refugio de Vida Silvestre,14-Dec-19
354,Swainson's Thrush,Catharus ustulatus,Curi-Cancha Refugio de Vida Silvestre,14-Dec-19
353,Black-headed Nightingale-Thrush,Catharus mexicanus,Curi-Cancha Refugio de Vida Silvestre,14-Dec-19
352,Black-faced Solitaire,Myadestes melanops,Curi-Cancha Refugio de Vida Silvestre,14-Dec-19
351,Cabanis's Wren,Cantorchilus modestus,Curi-Cancha Refugio de Vida Silvestre,14-Dec-19
350,Ochraceous Wren,Troglodytes ochraceus,Curi-Cancha Refugio de Vida Silvestre,14-Dec-19
349,House Wren,Troglodytes aedon,Curi-Cancha Refugio de Vida Silvestre,14-Dec-19
348,Yellow-throated Vireo,Vireo flavifrons,Curi-Cancha Refugio de Vida Silvestre,14-Dec-19
347,Lesser Greenlet,Pachysylvia decurtata,Curi-Cancha Refugio de Vida Silvestre,14-Dec-19
346,Rufous-browed Peppershrike,Cyclarhis gujanensis,Curi-Cancha Refugio de Vida Silvestre,14-Dec-19
345,Dusky-capped Flycatcher,Myiarchus tuberculifer,Curi-Cancha Refugio de Vida Silvestre,14-Dec-19
344,Rufous Mourner,Rhytipterna holerythra,Curi-Cancha Refugio de Vida Silvestre,14-Dec-19
343,Yellowish Flycatcher,Empidonax flavescens,Curi-Cancha Refugio de Vida Silvestre,14-Dec-19
342,Mistletoe Tyrannulet,Zimmerius parvus,Curi-Cancha Refugio de Vida Silvestre,14-Dec-19
341,Yellow-olive Flycatcher,Tolmomyias sulphurescens,Curi-Cancha Refugio de Vida Silvestre,14-Dec-19
340,Olive-streaked Flycatcher,Mionectes olivaceus,Curi-Cancha Refugio de Vida Silvestre,14-Dec-19
339,White-throated Spadebill,Platyrinchus mystaceus,Curi-Cancha Refugio de Vida Silvestre,14-Dec-19
338,Masked Tityra,Tityra semifasciata,Curi-Cancha Refugio de Vida Silvestre,14-Dec-19
337,Spotted Barbtail,Premnoplex brunnescens,Curi-Cancha Refugio de Vida Silvestre,14-Dec-19
336,Northern Barred-Woodcreeper,Dendrocolaptes sanctithomae,Curi-Cancha Refugio de Vida Silvestre,14-Dec-19
335,Ruddy Woodcreeper,Dendrocincla homochroa,Curi-Cancha Refugio de Vida Silvestre,14-Dec-19
334,Olivaceous Woodcreeper,Sittasomus griseicapillus,Curi-Cancha Refugio de Vida Silvestre,14-Dec-19
333,Scaled Antpitta,Grallaria guatimalensis,Curi-Cancha Refugio de Vida Silvestre,14-Dec-19
332,Slaty Antwren,Myrmotherula schisticolor,Curi-Cancha Refugio de Vida Silvestre,14-Dec-19
331,Plain Antvireo,Dysithamnus mentalis,Curi-Cancha Refugio de Vida Silvestre,14-Dec-19
330,Crimson-fronted Parakeet,Psittacara finschi,Curi-Cancha Refugio de Vida Silvestre,14-Dec-19
329,White-fronted Parrot,Amazona albifrons,Curi-Cancha Refugio de Vida Silvestre,14-Dec-19
328,Pale-billed Woodpecker,Campephilus guatemalensis,Curi-Cancha Refugio de Vida Silvestre,14-Dec-19
327,Northern Emerald-Toucanet,Aulacorhynchus prasinus,Curi-Cancha Refugio de Vida Silvestre,14-Dec-19
326,Lesson's Motmot,Momotus lessonii,Curi-Cancha Refugio de Vida Silvestre,14-Dec-19
325,Collared Trogon,Trogon collaris,Curi-Cancha Refugio de Vida Silvestre,14-Dec-19
324,Resplendent Quetzal,Pharomachrus mocinno,Curi-Cancha Refugio de Vida Silvestre,14-Dec-19
323,Bare-shanked Screech-Owl,Megascops clarkii,Curi-Cancha Refugio de Vida Silvestre,14-Dec-19
322,Stripe-tailed Hummingbird,Eupherusa eximia,Curi-Cancha Refugio de Vida Silvestre,14-Dec-19
321,Coppery-headed Emerald,Microchera cupreiceps,Curi-Cancha Refugio de Vida Silvestre,14-Dec-19
320,Violet Sabrewing,Campylopterus hemileucurus,Curi-Cancha Refugio de Vida Silvestre,14-Dec-19
319,Canivet's Emerald,Cynanthus canivetii,Curi-Cancha Refugio de Vida Silvestre,14-Dec-19
318,Magenta-throated Woodstar,Philodice bryantae,Curi-Cancha Refugio de Vida Silvestre,14-Dec-19
317,Purple-throated Mountain-gem,Lampornis calolaemus,Curi-Cancha Refugio de Vida Silvestre,14-Dec-19
316,Green-crowned Brilliant,Heliodoxa jacula,Curi-Cancha Refugio de Vida Silvestre,14-Dec-19
315,Buff-fronted Quail-Dove,Zentrygon costaricensis,Curi-Cancha Refugio de Vida Silvestre,14-Dec-19
314,Black-breasted Wood-Quail,Odontophorus leucolaemus,Curi-Cancha Refugio de Vida Silvestre,14-Dec-19
313,Black Guan,Chamaepetes unicolor,Curi-Cancha Refugio de Vida Silvestre,14-Dec-19
312,Red-lored Parrot,Amazona autumnalis,Estación de Biología Tropical Los Tuxtlas,16-Jun-19
311,Great-tailed Grackle,Quiscalus mexicanus,Estación de Biología Tropical Los Tuxtlas,25-May-19
310,Montezuma Oropendola,Psarocolius montezuma,Estación de Biología Tropical Los Tuxtlas,25-May-19
309,Brown Jay,Psilorhinus morio,Estación de Biología Tropical Los Tuxtlas,25-May-19
308,Scarlet-browed Tanager,Heterospingus xanthopygius,El Descanso de Doña Dora,4-Jan-19
307,Silver-throated Tanager,Tangara icterocephala,El Descanso de Doña Dora,4-Jan-19
306,Golden-hooded Tanager,Stilpnia larvata,El Descanso de Doña Dora,4-Jan-19
305,Rufous-throated Tanager,Ixothraupis rufigula,El Descanso de Doña Dora,4-Jan-19
304,Glistening-green Tanager,Chlorochrysa phoenicotis,El Descanso de Doña Dora,4-Jan-19
303,Fawn-breasted Tanager,Pipraeidea melanonota,El Descanso de Doña Dora,4-Jan-19
302,Crested Ant-Tanager,Habia cristata,El Descanso de Doña Dora,4-Jan-19
301,Tropical Parula,Setophaga pitiayumi,El Descanso de Doña Dora,4-Jan-19
300,Tricolored Brushfinch,Atlapetes tricolor,El Descanso de Doña Dora,4-Jan-19
299,Black-headed Brushfinch,Arremon atricapillus,El Descanso de Doña Dora,4-Jan-19
298,Yellow-throated Chlorospingus,Chlorospingus flavigularis,El Descanso de Doña Dora,4-Jan-19
297,Orange-bellied Euphonia,Euphonia xanthogaster,El Descanso de Doña Dora,4-Jan-19
296,Black-billed Thrush,Turdus ignobilis,El Descanso de Doña Dora,4-Jan-19
295,Andean Solitaire,Myadestes ralloides,El Descanso de Doña Dora,4-Jan-19
294,Bay Wren,Cantorchilus nigricapillus,El Descanso de Doña Dora,4-Jan-19
293,Southern Rough-winged Swallow,Stelgidopteryx ruficollis,El Descanso de Doña Dora,4-Jan-19
292,Red-eyed Vireo,Vireo olivaceus,El Descanso de Doña Dora,4-Jan-19
291,Black-billed Peppershrike,Cyclarhis nigrirostris,El Descanso de Doña Dora,4-Jan-19
290,Piratic Flycatcher,Legatus leucophaius,El Descanso de Doña Dora,4-Jan-19
289,Rusty-margined Flycatcher,Myiozetetes cayanensis,El Descanso de Doña Dora,4-Jan-19
288,Golden-faced Tyrannulet,Zimmerius chrysops,El Descanso de Doña Dora,4-Jan-19
287,Torrent Tyrannulet,Serpophaga cinerea,El Descanso de Doña Dora,4-Jan-19
286,Yellow-bellied Elaenia,Elaenia flavogaster,El Descanso de Doña Dora,4-Jan-19
285,Common Tody-Flycatcher,Todirostrum cinereum,El Descanso de Doña Dora,4-Jan-19
284,Scale-crested Pygmy-Tyrant,Lophotriccus pileatus,El Descanso de Doña Dora,4-Jan-19
283,White-winged Becard,Pachyramphus polychopterus,El Descanso de Doña Dora,4-Jan-19
282,Cinnamon Becard,Pachyramphus cinnamomeus,El Descanso de Doña Dora,4-Jan-19
281,Golden-collared Manakin,Manacus vitellinus,El Descanso de Doña Dora,4-Jan-19
280,Red-faced Spinetail,Cranioleuca erythrops,El Descanso de Doña Dora,4-Jan-19
279,Brown-billed Scythebill,Campylorhamphus pusillus,El Descanso de Doña Dora,4-Jan-19
278,Choco Tapaculo,Scytalopus chocoensis,El Descanso de Doña Dora,4-Jan-19
277,Pacific Antwren,Myrmotherula pacifica,El Descanso de Doña Dora,4-Jan-19
276,Uniform Antshrike,Thamnophilus unicolor,El Descanso de Doña Dora,4-Jan-19
275,Smoky-brown Woodpecker,Dryobates fumigatus,El Descanso de Doña Dora,4-Jan-19
274,Toucan Barbet,Semnornis ramphastinus,El Descanso de Doña Dora,4-Jan-19
273,Empress Brilliant,Heliodoxa imperatrix,El Descanso de Doña Dora,4-Jan-19
272,Rufous-gaped Hillstar,Urochroa bougueri,El Descanso de Doña Dora,4-Jan-19
271,Violet-tailed Sylph,Aglaiocercus coelestis,El Descanso de Doña Dora,4-Jan-19
270,Green Thorntail,Discosura conversii,El Descanso de Doña Dora,4-Jan-19
269,White-whiskered Hermit,Phaethornis yaruqui,El Descanso de Doña Dora,4-Jan-19
268,Lyre-tailed Nightjar,Uropsalis lyra,El Descanso de Doña Dora,4-Jan-19
267,Cocoa Thrush,Turdus fumigatus,PNN Farallones de Cali--El Topacio,3-Jan-19
266,Gray-cowled Wood-Rail,Aramides cajaneus,PNN Farallones de Cali--El Topacio,3-Jan-19
265,Long-billed Starthroat,Heliomaster longirostris,PNN Farallones de Cali--El Topacio,3-Jan-19
264,Green Hermit,Phaethornis guy,PNN Farallones de Cali--El Topacio,3-Jan-19
263,Canada Warbler,Cardellina canadensis,"National Park Natural Farallones De Cali, Santiago De Cali CO-Valle Del Cauca (3.4533,-76.6619)",2-Jan-19
262,Andean Cock-of-the-rock,Rupicola peruvianus,"National Park Natural Farallones De Cali, Santiago De Cali CO-Valle Del Cauca (3.4533,-76.6619)",2-Jan-19
261,Fork-tailed Flycatcher,Tyrannus savana,Embalse Calima,31-Dec-18
260,Bare-faced Ibis,Phimosus infuscatus,Embalse Calima,31-Dec-18
259,Striated Heron,Butorides striata,Embalse Calima,31-Dec-18
258,Eared Dove,Zenaida auriculata,Embalse Calima,31-Dec-18
257,Pied-billed Grebe,Podilymbus podiceps,Embalse Calima,31-Dec-18
256,Black-winged Saltator,Saltator atripennis,"Finca Alejandría ""El Paraiso de Los Colibries""",29-Dec-18
255,Green Honeycreeper,Chlorophanes spiza,"Finca Alejandría ""El Paraiso de Los Colibries""",29-Dec-18
254,Golden Tanager,Tangara arthus,"Finca Alejandría ""El Paraiso de Los Colibries""",29-Dec-18
253,Saffron-crowned Tanager,Tangara xanthocephala,"Finca Alejandría ""El Paraiso de Los Colibries""",29-Dec-18
252,Scrub Tanager,Stilpnia vitriolina,"Finca Alejandría ""El Paraiso de Los Colibries""",29-Dec-18
251,Golden-naped Tanager,Chalcothraupis ruficervix,"Finca Alejandría ""El Paraiso de Los Colibries""",29-Dec-18
250,Multicolored Tanager,Chlorochrysa nitidissima,"Finca Alejandría ""El Paraiso de Los Colibries""",29-Dec-18
249,Blue-winged Mountain Tanager,Anisognathus somptuosus,"Finca Alejandría ""El Paraiso de Los Colibries""",29-Dec-18
248,Hepatic Tanager,Piranga flava,"Finca Alejandría ""El Paraiso de Los Colibries""",29-Dec-18
247,Three-striped Warbler,Basileuterus tristriatus,"Finca Alejandría ""El Paraiso de Los Colibries""",29-Dec-18
246,Crimson-rumped Toucanet,Aulacorhynchus haematopygus,"Finca Alejandría ""El Paraiso de Los Colibries""",29-Dec-18
245,Red-headed Barbet,Eubucco bourcierii,"Finca Alejandría ""El Paraiso de Los Colibries""",29-Dec-18
244,Crested Quetzal,Pharomachrus antisianus,"Finca Alejandría ""El Paraiso de Los Colibries""",29-Dec-18
243,Andean Emerald,Uranomitra franciae,"Finca Alejandría ""El Paraiso de Los Colibries""",29-Dec-18
242,Purple-throated Woodstar,Philodice mitchellii,"Finca Alejandría ""El Paraiso de Los Colibries""",29-Dec-18
241,White-booted Racket-tail,Ocreatus underwoodii,"Finca Alejandría ""El Paraiso de Los Colibries""",29-Dec-18
240,Brown Violetear,Colibri delphinae,"Finca Alejandría ""El Paraiso de Los Colibries""",29-Dec-18
239,Tawny-bellied Hermit,Phaethornis syrmatophorus,"Finca Alejandría ""El Paraiso de Los Colibries""",29-Dec-18
238,Colombian Chachalaca,Ortalis columbiana,"Finca Alejandría ""El Paraiso de Los Colibries""",29-Dec-18
237,Trinidad Euphonia,Euphonia trinitatis,"CO-La Guajira-Riohacha (11.4208,-73.0547)",19-Dec-18
236,Gray Kingbird,Tyrannus dominicensis,"CO-La Guajira-Riohacha (11.4208,-73.0547)",19-Dec-18
235,Brown-crested Flycatcher,Myiarchus tyrannulus,"CO-La Guajira-Riohacha (11.4208,-73.0547)",19-Dec-18
234,Northern Scrub-Flycatcher,Sublegatus arenarum,"CO-La Guajira-Riohacha (11.4208,-73.0547)",19-Dec-18
233,Slender-billed Tyrannulet,Inezia tenuirostris,"CO-La Guajira-Riohacha (11.4208,-73.0547)",19-Dec-18
232,Fulvous-crowned Scrub-Tyrant,Euscarthmus meloryphus,"CO-La Guajira-Riohacha (11.4208,-73.0547)",19-Dec-18
231,Pearly-vented Tody-Tyrant,Hemitriccus margaritaceiventer,"CO-La Guajira-Riohacha (11.4208,-73.0547)",19-Dec-18
230,White-fringed Antwren,Formicivora grisea,"CO-La Guajira-Riohacha (11.4208,-73.0547)",19-Dec-18
229,Black-backed Antshrike,Thamnophilus melanonotus,"CO-La Guajira-Riohacha (11.4208,-73.0547)",19-Dec-18
228,Chestnut Piculet,Picumnus cinnamomeus,"CO-La Guajira-Riohacha (11.4208,-73.0547)",19-Dec-18
227,Scarlet Ibis,Eudocimus ruber,"CO-La Guajira-Riohacha (11.4208,-73.0547)",19-Dec-18
226,Reddish Egret,Egretta rufescens,"CO-La Guajira-Riohacha (11.4208,-73.0547)",19-Dec-18
225,Least Tern,Sternula antillarum,"CO-La Guajira-Riohacha (11.4208,-73.0547)",19-Dec-18
224,Laughing Gull,Leucophaeus atricilla,"CO-La Guajira-Riohacha (11.4208,-73.0547)",19-Dec-18
223,Semipalmated Sandpiper,Calidris pusilla,"CO-La Guajira-Riohacha (11.4208,-73.0547)",19-Dec-18
222,Least Sandpiper,Calidris minutilla,"CO-La Guajira-Riohacha (11.4208,-73.0547)",19-Dec-18
221,Marbled Godwit,Limosa fedoa,"CO-La Guajira-Riohacha (11.4208,-73.0547)",19-Dec-18
220,Semipalmated Plover,Charadrius semipalmatus,"CO-La Guajira-Riohacha (11.4208,-73.0547)",19-Dec-18
219,Shining-green Hummingbird,Chrysuronia goudoti,"CO-La Guajira-Riohacha (11.4208,-73.0547)",19-Dec-18
218,Scaled Dove,Columbina squammata,"CO-La Guajira-Riohacha (11.4208,-73.0547)",19-Dec-18
217,Orinocan Saltator,Saltator orenocensis,"CO-La Guajira-Riohacha (11.4284,-73.0834)",19-Dec-18
216,Bananaquit,Coereba flaveola,"CO-La Guajira-Riohacha (11.4284,-73.0834)",19-Dec-18
215,Vermilion Cardinal,Cardinalis phoeniceus,"CO-La Guajira-Riohacha (11.4284,-73.0834)",19-Dec-18
214,Yellow-tailed Oriole,Icterus mesomelas,"CO-La Guajira-Riohacha (11.4284,-73.0834)",19-Dec-18
213,Tropical Mockingbird,Mimus gilvus,"CO-La Guajira-Riohacha (11.4284,-73.0834)",19-Dec-18
212,Tropical Gnatcatcher,Polioptila plumbea,"CO-La Guajira-Riohacha (11.4284,-73.0834)",19-Dec-18
211,White-whiskered Spinetail,Synallaxis candei,"CO-La Guajira-Riohacha (11.4284,-73.0834)",19-Dec-18
210,Streak-headed Woodcreeper,Lepidocolaptes souleyetii,"CO-La Guajira-Riohacha (11.4284,-73.0834)",19-Dec-18
209,Russet-throated Puffbird,Hypnelus ruficollis,"CO-La Guajira-Riohacha (11.4284,-73.0834)",19-Dec-18
208,Wattled Jacana,Jacana jacana,"CO-La Guajira-Riohacha (11.4284,-73.0834)",19-Dec-18
207,Sapphire-throated Hummingbird,Chrysuronia coeruleogularis,"CO-La Guajira-Riohacha (11.4284,-73.0834)",19-Dec-18
206,Buffy Hummingbird,Leucippus fallax,"CO-La Guajira-Riohacha (11.4284,-73.0834)",19-Dec-18
205,Rufous-vented Chachalaca,Ortalis ruficauda,"CO-La Guajira-Riohacha (11.4284,-73.0834)",19-Dec-18
204,Bicolored Wren,Campylorhynchus griseus,Hotel Minca,15-Dec-18
203,Rufous-tailed Hummingbird,Amazilia tzacatl,Hotel Minca,15-Dec-18
202,Black-throated Mango,Anthracothorax nigricollis,Hotel Minca,15-Dec-18
201,White-necked Jacobin,Florisuga mellivora,Hotel Minca,15-Dec-18
200,Streaked Saltator,Saltator striatipectus,Cuchilla San Lorenzo,14-Dec-18
199,Buff-throated Saltator,Saltator maximus,Cuchilla San Lorenzo,14-Dec-18
198,Rusty Flowerpiercer,Diglossa sittoides,Cuchilla San Lorenzo,14-Dec-18
197,Swallow Tanager,Tersina viridis,Cuchilla San Lorenzo,14-Dec-18
196,Bay-headed Tanager,Tangara gyrola,Cuchilla San Lorenzo,14-Dec-18
195,Black-headed Tanager,Stilpnia cyanoptera,Cuchilla San Lorenzo,14-Dec-18
194,Crimson-backed Tanager,Ramphocelus dimidiatus,Cuchilla San Lorenzo,14-Dec-18
193,White-lined Tanager,Tachyphonus rufus,Cuchilla San Lorenzo,14-Dec-18
192,Gray-headed Tanager,Eucometis penicillata,Cuchilla San Lorenzo,14-Dec-18
191,Blue Seedeater,Amaurospiza concolor,Cuchilla San Lorenzo,14-Dec-18
190,Rose-breasted Grosbeak,Pheucticus ludovicianus,Cuchilla San Lorenzo,14-Dec-18
189,Summer Tanager,Piranga rubra,Cuchilla San Lorenzo,14-Dec-18
188,White-lored Warbler,Myiothlypis conspicillata,Cuchilla San Lorenzo,14-Dec-18
187,Santa Marta Warbler,Myiothlypis basilica,Cuchilla San Lorenzo,14-Dec-18
186,Black-and-white Warbler,Mniotilta varia,Cuchilla San Lorenzo,14-Dec-18
185,Yellow-backed Oriole,Icterus chrysater,Cuchilla San Lorenzo,14-Dec-18
184,Golden-winged Sparrow,Arremon schlegeli,Cuchilla San Lorenzo,14-Dec-18
183,Clay-colored Thrush,Turdus grayi,Cuchilla San Lorenzo,14-Dec-18
182,Yellow-legged Thrush,Turdus flavipes,Cuchilla San Lorenzo,14-Dec-18
181,Slaty-backed Nightingale-Thrush,Catharus fuscater,Cuchilla San Lorenzo,14-Dec-18
180,White-breasted Wood-Wren,Henicorhina leucosticta,Cuchilla San Lorenzo,14-Dec-18
179,Rufous-and-white Wren,Thryophilus rufalbus,Cuchilla San Lorenzo,14-Dec-18
178,Streaked Flycatcher,Myiodynastes maculatus,Cuchilla San Lorenzo,14-Dec-18
177,Social Flycatcher,Myiozetetes similis,Cuchilla San Lorenzo,14-Dec-18
176,Boat-billed Flycatcher,Megarynchus pitangua,Cuchilla San Lorenzo,14-Dec-18
175,Black-throated Tody-Tyrant,Hemitriccus granadensis,Cuchilla San Lorenzo,14-Dec-18
174,Black-crowned Tityra,Tityra inquisitor,Cuchilla San Lorenzo,14-Dec-18
173,Flammulated Treehunter,Thripadectes flammulatus,Cuchilla San Lorenzo,14-Dec-18
172,Montane Foliage-gleaner,Anabacerthia striaticollis,Cuchilla San Lorenzo,14-Dec-18
171,Santa Marta Tapaculo,Scytalopus sanctaemartae,Cuchilla San Lorenzo,14-Dec-18
170,Santa Marta Parakeet,Pyrrhura viridicata,Cuchilla San Lorenzo,14-Dec-18
169,Blue-headed Parrot,Pionus menstruus,Cuchilla San Lorenzo,14-Dec-18
168,Laughing Falcon,Herpetotheres cachinnans,Cuchilla San Lorenzo,14-Dec-18
167,Golden-olive Woodpecker,Colaptes rubiginosus,Cuchilla San Lorenzo,14-Dec-18
166,Lineated Woodpecker,Dryocopus lineatus,Cuchilla San Lorenzo,14-Dec-18
165,Crimson-crested Woodpecker,Campephilus melanoleucos,Cuchilla San Lorenzo,14-Dec-18
164,Keel-billed Toucan,Ramphastos sulfuratus,Cuchilla San Lorenzo,14-Dec-18
163,Moustached Puffbird,Malacoptila mystacalis,Cuchilla San Lorenzo,14-Dec-18
162,Whooping Motmot,Momotus subrufescens,Cuchilla San Lorenzo,14-Dec-18
161,Masked Trogon,Trogon personatus,Cuchilla San Lorenzo,14-Dec-18
160,Santa Marta Blossomcrown,Anthocephala floriceps,Cuchilla San Lorenzo,14-Dec-18
159,Red-billed Emerald,Chlorostilbon gibsoni,Cuchilla San Lorenzo,14-Dec-18
158,Santa Marta Woodstar,Chaetocercus astreans,Cuchilla San Lorenzo,14-Dec-18
157,Squirrel Cuckoo,Piaya cayana,Cuchilla San Lorenzo,14-Dec-18
156,Olive-gray Saltator,Saltator olivascens,"(11.1422,-74.1166)",13-Dec-18
155,Chestnut-capped Warbler,Basileuterus delattrii,"(11.1422,-74.1166)",13-Dec-18
154,American Redstart,Setophaga ruticilla,"(11.1422,-74.1166)",13-Dec-18
153,Tennessee Warbler,Leiothlypis peregrina,"(11.1422,-74.1166)",13-Dec-18
152,Pale-breasted Thrush,Turdus leucomelas,"(11.1422,-74.1166)",13-Dec-18
151,Great Kiskadee,Pitangus sulphuratus,"(11.1422,-74.1166)",13-Dec-18
150,Black Phoebe,Sayornis nigricans,"(11.1422,-74.1166)",13-Dec-18
149,Rufous-tailed Jacamar,Galbula ruficauda,"(11.1422,-74.1166)",13-Dec-18
148,Steely-vented Hummingbird,Saucerottia saucerottei,"(11.1422,-74.1166)",13-Dec-18
147,Common Pauraque,Nyctidromus albicollis,"(11.1422,-74.1166)",13-Dec-18
146,Red-crowned Woodpecker,Melanerpes rubricapillus,"CO-Magdalena-Santa Marta (Dist. ESP. ) (11.1424,-74.1158) CASA COLIBRI",13-Dec-18
145,White-vented Plumeleteer,Chalybura buffonii,"CO-Magdalena-Santa Marta (Dist. ESP. ) (11.1424,-74.1158) CASA COLIBRI",13-Dec-18
144,Black Flowerpiercer,Diglossa humeralis,El Dorado ProAves Reserve,12-Dec-18
143,Black-capped Tanager,Stilpnia heinei,El Dorado ProAves Reserve,12-Dec-18
142,Gray-breasted Wood-Wren,Henicorhina leucophrys,El Dorado ProAves Reserve,12-Dec-18
141,Bright-rumped Attila,Attila spadiceus,El Dorado ProAves Reserve,12-Dec-18
140,Golden-breasted Fruiteater,Pipreola aureopectus,El Dorado ProAves Reserve,12-Dec-18
139,White-tipped Quetzal,Pharomachrus fulgidus,El Dorado ProAves Reserve,12-Dec-18
138,Crowned Woodnymph,Thalurania colombica,El Dorado ProAves Reserve,12-Dec-18
137,White-tipped Dove,Leptotila verreauxi,El Dorado ProAves Reserve,12-Dec-18
136,Sickle-winged Guan,Chamaepetes goudotii,El Dorado ProAves Reserve,12-Dec-18
135,Band-tailed Guan,Penelope argyrotis,El Dorado ProAves Reserve,12-Dec-18
134,Black-cheeked Mountain Tanager,Anisognathus melanogenys,Cuchilla de San Lorenzo--Torres,12-Dec-18
133,Golden Grosbeak,Pheucticus chrysogaster,Cuchilla de San Lorenzo--Torres,12-Dec-18
132,Yellow-crowned Redstart,Myioborus flavivertex,Cuchilla de San Lorenzo--Torres,12-Dec-18
131,Slate-throated Redstart,Myioborus miniatus,Cuchilla de San Lorenzo--Torres,12-Dec-18
130,Blackburnian Warbler,Setophaga fusca,Cuchilla de San Lorenzo--Torres,12-Dec-18
129,Santa Marta Brushfinch,Atlapetes melanocephalus,Cuchilla de San Lorenzo--Torres,12-Dec-18
128,Blue-naped Chlorophonia,Chlorophonia cyanea,Cuchilla de San Lorenzo--Torres,12-Dec-18
127,Great Thrush,Turdus fuscater,Cuchilla de San Lorenzo--Torres,12-Dec-18
126,Hermit Wood-Wren,Henicorhina anachoreta,Cuchilla de San Lorenzo--Torres,12-Dec-18
125,Yellow-bellied Chat-Tyrant,Silvicultrix diadema,Cuchilla de San Lorenzo--Torres,12-Dec-18
124,Santa Marta Bush-Tyrant,Myiotheretes pernix,Cuchilla de San Lorenzo--Torres,12-Dec-18
123,Eastern Wood-Pewee,Contopus virens,Cuchilla de San Lorenzo--Torres,12-Dec-18
122,Northern Tropical Pewee,Contopus bogotensis,Cuchilla de San Lorenzo--Torres,12-Dec-18
121,White-throated Tyrannulet,Mecocerculus leucophrys,Cuchilla de San Lorenzo--Torres,12-Dec-18
120,Cinnamon Flycatcher,Pyrrhomyias cinnamomeus,Cuchilla de San Lorenzo--Torres,12-Dec-18
119,Olive-striped Flycatcher,Mionectes galbinus,Cuchilla de San Lorenzo--Torres,12-Dec-18
118,Rusty-headed Spinetail,Synallaxis fuscorufa,Cuchilla de San Lorenzo--Torres,12-Dec-18
117,Streak-capped Spinetail,Cranioleuca hellmayri,Cuchilla de San Lorenzo--Torres,12-Dec-18
116,Montane Woodcreeper,Lepidocolaptes lacrymiger,Cuchilla de San Lorenzo--Torres,12-Dec-18
115,Brown-rumped Tapaculo,Scytalopus latebricola,Cuchilla de San Lorenzo--Torres,12-Dec-18
114,Santa Marta Antpitta,Grallaria bangsi,Cuchilla de San Lorenzo--Torres,12-Dec-18
113,Scarlet-fronted Parakeet,Psittacara wagleri,Cuchilla de San Lorenzo--Torres,12-Dec-18
112,Scaly-naped Parrot,Amazona mercenarius,Cuchilla de San Lorenzo--Torres,12-Dec-18
111,Santa Marta Screech-Owl,Megascops gilesi,Cuchilla de San Lorenzo--Torres,12-Dec-18
110,Broad-winged Hawk,Buteo platypterus,Cuchilla de San Lorenzo--Torres,12-Dec-18
109,White Hawk,Pseudastur albicollis,Cuchilla de San Lorenzo--Torres,12-Dec-18
108,White-tailed Starfrontlet,Coeligena phalerata,Cuchilla de San Lorenzo--Torres,12-Dec-18
107,Lesser Violetear,Colibri cyanotus,Cuchilla de San Lorenzo--Torres,12-Dec-18
106,Sparkling Violetear,Colibri coruscans,Cuchilla de San Lorenzo--Torres,12-Dec-18
105,Nacunda Nighthawk,Chordeiles nacunda,Cuchilla de San Lorenzo--Torres,12-Dec-18
104,Lined Quail-Dove,Zentrygon linearis,Cuchilla de San Lorenzo--Torres,12-Dec-18
103,Brown-throated Parakeet,Eupsittula pertinax,Manglar Boca Manzanillo,10-Dec-18
102,Orange-chinned Parakeet,Brotogeris jugularis,Manglar Boca Manzanillo,10-Dec-18
101,Yellow-headed Caracara,Daptrius chimachima,Manglar Boca Manzanillo,10-Dec-18
100,Green Kingfisher,Chloroceryle americana,Manglar Boca Manzanillo,10-Dec-18
99,Black Vulture,Coragyps atratus,Manglar Boca Manzanillo,10-Dec-18
98,White Ibis,Eudocimus albus,Manglar Boca Manzanillo,10-Dec-18
97,Green Heron,Butorides virescens,Manglar Boca Manzanillo,10-Dec-18
96,Tricolored Heron,Egretta tricolor,Manglar Boca Manzanillo,10-Dec-18
95,Great Egret,Ardea alba,Manglar Boca Manzanillo,10-Dec-18
94,Wood Stork,Mycteria americana,Manglar Boca Manzanillo,10-Dec-18
93,Sandwich Tern,Thalasseus sandvicensis,Manglar Boca Manzanillo,10-Dec-18
92,Large-billed Tern,Phaetusa simplex,Manglar Boca Manzanillo,10-Dec-18
91,Franklin's Gull,Leucophaeus pipixcan,Manglar Boca Manzanillo,10-Dec-18
90,Lesser Yellowlegs,Tringa flavipes,Manglar Boca Manzanillo,10-Dec-18
89,Willet,Tringa semipalmata,Manglar Boca Manzanillo,10-Dec-18
88,Short-billed Dowitcher,Limnodromus griseus,Manglar Boca Manzanillo,10-Dec-18
87,Black-bellied Plover,Pluvialis squatarola,Manglar Boca Manzanillo,10-Dec-18
86,Black-necked Stilt,Himantopus mexicanus,Manglar Boca Manzanillo,10-Dec-18
85,Limpkin,Aramus guarauna,Manglar Boca Manzanillo,10-Dec-18
84,Yellow-faced Grassquit,Tiaris olivaceus,Valle del Cocora,16-May-18
83,Yellow-bellied Seedeater,Sporophila nigricollis,Valle del Cocora,16-May-18
82,Saffron Finch,Sicalis flaveola,Valle del Cocora,16-May-18
81,Masked Flowerpiercer,Diglossa cyanea,Valle del Cocora,16-May-18
80,White-sided Flowerpiercer,Diglossa albilatera,Valle del Cocora,16-May-18
79,Grass-green Tanager,Chlorornis riefferii,Valle del Cocora,16-May-18
78,White-capped Tanager,Sericossypha albocristata,Valle del Cocora,16-May-18
77,Red-hooded Tanager,Piranga rubriceps,Valle del Cocora,16-May-18
76,Rufous-collared Sparrow,Zonotrichia capensis,Valle del Cocora,16-May-18
75,White-capped Dipper,Cinclus leucocephalus,Valle del Cocora,16-May-18
74,Golden-bellied Flycatcher,Myiodynastes hemichrysus,Valle del Cocora,16-May-18
73,Cattle Tyrant,Machetornis rixosa,Valle del Cocora,16-May-18
72,Chestnut-bellied Chat-Tyrant,Ochthoeca cinnamomeiventris,Valle del Cocora,16-May-18
71,Vermilion Flycatcher,Pyrocephalus rubinus,Valle del Cocora,16-May-18
70,Dusky Piha,Lipaugus fuscocinereus,Valle del Cocora,16-May-18
69,Strong-billed Woodcreeper,Xiphocolaptes promeropirhynchus,Valle del Cocora,16-May-18
68,Crested Caracara,Caracara plancus,Valle del Cocora,16-May-18
67,Crimson-mantled Woodpecker,Colaptes rivolii,Valle del Cocora,16-May-18
66,Acorn Woodpecker,Melanerpes formicivorus,Valle del Cocora,16-May-18
65,Southern Emerald-Toucanet,Aulacorhynchus albivitta,Valle del Cocora,16-May-18
64,Andean Motmot,Momotus aequatorialis,Valle del Cocora,16-May-18
63,Cattle Egret,Bubulcus ibis,Valle del Cocora,16-May-18
62,Buff-tailed Coronet,Boissonneaua flavescens,Valle del Cocora,16-May-18
61,Collared Inca,Coeligena torquata,Valle del Cocora,16-May-18
60,Tyrian Metaltail,Metallura tyrianthina,Valle del Cocora,16-May-18
59,Long-tailed Sylph,Aglaiocercus kingii,Valle del Cocora,16-May-18
58,Speckled Hummingbird,Adelomyia melanogenys,Valle del Cocora,16-May-18
57,Band-tailed Pigeon,Patagioenas fasciata,Valle del Cocora,16-May-18
56,Red-legged Honeycreeper,Cyanerpes cyaneus,Bahia Solano,17-Dec-16
55,Palm Tanager,Thraupis palmarum,Bahia Solano,17-Dec-16
54,Blue-gray Tanager,Thraupis episcopus,Bahia Solano,17-Dec-16
53,Flame-rumped Tanager,Ramphocelus flammigerus,Bahia Solano,17-Dec-16
52,Prothonotary Warbler,Protonotaria citrea,Bahia Solano,17-Dec-16
51,Chestnut-headed Oropendola,Psarocolius wagleri,Bahia Solano,17-Dec-16
50,Thick-billed Euphonia,Euphonia laniirostris,Bahia Solano,17-Dec-16
49,Black-chested Jay,Cyanocorax affinis,Bahia Solano,17-Dec-16
48,Tropical Kingbird,Tyrannus melancholicus,Bahia Solano,17-Dec-16
47,Dusky Antbird,Cercomacroides tyrannina,Bahia Solano,17-Dec-16
46,Blue-and-yellow Macaw,Ara ararauna,Bahia Solano,17-Dec-16
45,Choco Toucan,Ramphastos brevis,Bahia Solano,17-Dec-16
44,American Pygmy Kingfisher,Chloroceryle aenea,Bahia Solano,17-Dec-16
43,Ringed Kingfisher,Megaceryle torquata,Bahia Solano,17-Dec-16
42,White-tailed Trogon,Trogon chionurus,Bahia Solano,17-Dec-16
41,Roadside Hawk,Rupornis magnirostris,Bahia Solano,17-Dec-16
40,Common Black Hawk,Buteogallus anthracinus,Bahia Solano,17-Dec-16
39,Little Blue Heron,Egretta caerulea,Bahia Solano,17-Dec-16
38,Neotropic Cormorant,Nannopterum brasilianum,Bahia Solano,17-Dec-16
37,Elegant Tern,Thalasseus elegans,Bahia Solano,17-Dec-16
36,Sanderling,Calidris alba,Bahia Solano,17-Dec-16
35,Collared Plover,Charadrius collaris,Bahia Solano,17-Dec-16
34,Southern Lapwing,Vanellus chilensis,Bahia Solano,17-Dec-16
33,Smooth-billed Ani,Crotophaga ani,Bahia Solano,17-Dec-16
32,Rock Pigeon,Columba livia,Bahia Solano,17-Dec-16
31,Española Mockingbird,Mimus macdonaldi,Isla Española--Área general (solo para listas históricas; por favor usa una localidad más específica),7-Nov-15
30,Galapagos Flycatcher,Myiarchus magnirostris,Isla Española--Área general (solo para listas históricas; por favor usa una localidad más específica),7-Nov-15
29,Short-eared Owl,Asio flammeus,Isla Española--Área general (solo para listas históricas; por favor usa una localidad más específica),7-Nov-15
28,Brown Booby,Sula leucogaster,Isla Española--Área general (solo para listas históricas; por favor usa una localidad más específica),7-Nov-15
27,Blue-footed Booby,Sula nebouxii,Isla Española--Área general (solo para listas históricas; por favor usa una localidad más específica),7-Nov-15
26,Nazca Booby,Sula granti,Isla Española--Área general (solo para listas históricas; por favor usa una localidad más específica),7-Nov-15
25,Magnificent Frigatebird,Fregata magnificens,Isla Española--Área general (solo para listas históricas; por favor usa una localidad más específica),7-Nov-15
24,Galapagos Shearwater,Puffinus subalaris,Isla Española--Área general (solo para listas históricas; por favor usa una localidad más específica),7-Nov-15
23,Waved Albatross,Phoebastria irrorata,Isla Española--Área general (solo para listas históricas; por favor usa una localidad más específica),7-Nov-15
22,Red-billed Tropicbird,Phaethon aethereus,Isla Española--Área general (solo para listas históricas; por favor usa una localidad más específica),7-Nov-15
21,Brown Noddy,Anous stolidus,Isla Española--Área general (solo para listas históricas; por favor usa una localidad más específica),7-Nov-15
20,Swallow-tailed Gull,Creagrus furcatus,Isla Española--Área general (solo para listas históricas; por favor usa una localidad más específica),7-Nov-15
19,Ruddy Turnstone,Arenaria interpres,Isla Española--Área general (solo para listas históricas; por favor usa una localidad más específica),7-Nov-15
18,Whimbrel,Numenius phaeopus,Isla Española--Área general (solo para listas históricas; por favor usa una localidad más específica),7-Nov-15
17,American Oystercatcher,Haematopus palliatus,Isla Española--Área general (solo para listas históricas; por favor usa una localidad más específica),7-Nov-15
16,Galapagos Dove,Zenaida galapagoensis,Isla Española--Área general (solo para listas históricas; por favor usa una localidad más específica),7-Nov-15
15,Variable Seedeater,Sporophila corvina,Guayaquil--Malecon 2000,1-Nov-15
14,Yellow Warbler,Setophaga petechia,Guayaquil--Malecon 2000,1-Nov-15
13,Yellow-crowned Night-Heron,Nyctanassa violacea,Guayaquil--Malecon 2000,1-Nov-15
12,Snowy Egret,Egretta thula,Guayaquil--Malecon 2000,1-Nov-15
11,Spotted Sandpiper,Actitis macularius,Guayaquil--Malecon 2000,1-Nov-15
10,Common Cactus-Finch,Geospiza scandens,Isla Santa Cruz,1-Nov-15
9,Small Ground-Finch,Geospiza fuliginosa,Isla Santa Cruz,1-Nov-15
8,Galapagos Mockingbird,Mimus parvulus,Isla Santa Cruz,1-Nov-15
7,Brown Pelican,Pelecanus occidentalis,Isla Santa Cruz,1-Nov-15
6,American Robin,Turdus migratorius,Kingfisher Bay Retreat,21-May-15
5,Osprey,Pandion haliaetus,Kingfisher Bay Retreat,21-May-15
4,Turkey Vulture,Cathartes aura,Kingfisher Bay Retreat,21-May-15
3,Bufflehead,Bucephala albeola,Kingfisher Bay Retreat,21-May-15
2,Ring-necked Duck,Aythya collaris,Kingfisher Bay Retreat,21-May-15
1,Canada Goose,Branta canadensis,Kingfisher Bay Retreat,21-May-15